ip,hname,alias,location,cluster,datastore,iscsi1,iscsi2,tgt1,tgt2,tgt3,tgt4,vmotion,path,FileName,clstlist
10.93.114.21,d80-s1-pm1,d80-s1-pm1.virt.onkakao.net,datacenter80,d80-s01-cluster,datastore80-s1-pm1,10.93.112.21,10.93.113.21,10.93.112.151,10.93.113.151,10.93.112.181,10.93.113.181,10.93.115.21,/vmfs/volumes/d80-s1-lun1/,VMware-VMvisor-Installer-7.0.0.update02-17867351.x86_64-DellEMC_Customized-A05.zip,d80-s01-cluster
10.93.114.22,d80-s1-pm2,d80-s1-pm2.virt.onkakao.net,datacenter80,d80-s01-cluster,datastore80-s1-pm2,10.93.112.22,10.93.113.22,10.93.112.151,10.93.113.151,10.93.112.181,10.93.113.181,10.93.115.22,/vmfs/volumes/d80-s1-lun1/,VMware-VMvisor-Installer-7.0.0.update02-17867351.x86_64-DellEMC_Customized-A05.zip,d80-s02-cluster
10.93.114.23,d80-s1-pm3,d80-s1-pm3.virt.onkakao.net,datacenter80,d80-s01-cluster,datastore80-s1-pm3,10.93.112.23,10.93.113.23,10.93.112.151,10.93.113.151,10.93.112.181,10.93.113.181,10.93.115.23,/vmfs/volumes/d80-s1-lun1/,VMware-VMvisor-Installer-7.0.0.update02-17867351.x86_64-DellEMC_Customized-A05.zip,d80-s03-cluster
10.93.114.24,d80-s1-pm4,d80-s1-pm4.virt.onkakao.net,datacenter80,d80-s01-cluster,datastore80-s1-pm4,10.93.112.24,10.93.113.24,10.93.112.151,10.93.113.151,10.93.112.181,10.93.113.181,10.93.115.24,/vmfs/volumes/d80-s1-lun1/,VMware-VMvisor-Installer-7.0.0.update02-17867351.x86_64-DellEMC_Customized-A05.zip,d80-s04-cluster
10.93.114.25,d80-s2-pm1,d80-s2-pm1.virt.onkakao.net,datacenter80,d80-s02-cluster,datastore80-s2-pm1,10.93.112.25,10.93.113.25,10.93.112.152,10.93.113.152,10.93.112.182,10.93.113.182,10.93.115.25,/vmfs/volumes/d80-s2-lun1/,VMware-VMvisor-Installer-7.0.0.update02-17867351.x86_64-DellEMC_Customized-A05.zip,d80-s05-cluster
10.93.114.26,d80-s2-pm2,d80-s2-pm2.virt.onkakao.net,datacenter80,d80-s02-cluster,datastore80-s2-pm2,10.93.112.26,10.93.113.26,10.93.112.152,10.93.113.152,10.93.112.182,10.93.113.182,10.93.115.26,/vmfs/volumes/d80-s2-lun1/,VMware-VMvisor-Installer-7.0.0.update02-17867351.x86_64-DellEMC_Customized-A05.zip,d80-s06-cluster
10.93.114.27,d80-s2-pm3,d80-s2-pm3.virt.onkakao.net,datacenter80,d80-s02-cluster,datastore80-s2-pm3,10.93.112.27,10.93.113.27,10.93.112.152,10.93.113.152,10.93.112.182,10.93.113.182,10.93.115.27,/vmfs/volumes/d80-s2-lun1/,VMware-VMvisor-Installer-7.0.0.update02-17867351.x86_64-DellEMC_Customized-A05.zip,d80-s07-cluster
10.93.114.28,d80-s2-pm4,d80-s2-pm4.virt.onkakao.net,datacenter80,d80-s02-cluster,datastore80-s2-pm4,10.93.112.28,10.93.113.28,10.93.112.152,10.93.113.152,10.93.112.182,10.93.113.182,10.93.115.28,/vmfs/volumes/d80-s2-lun1/,VMware-VMvisor-Installer-7.0.0.update02-17867351.x86_64-DellEMC_Customized-A05.zip,d80-s08-cluster
10.93.114.29,d80-s3-pm1,d80-s3-pm1.virt.onkakao.net,datacenter80,d80-s03-cluster,datastore80-s3-pm1,10.93.112.29,10.93.113.29,10.93.112.153,10.93.113.153,10.93.112.183,10.93.113.183,10.93.115.29,/vmfs/volumes/d80-s3-lun1/,VMware-VMvisor-Installer-7.0.0.update02-17867351.x86_64-DellEMC_Customized-A05.zip,d80-s09-cluster
10.93.114.30,d80-s3-pm2,d80-s3-pm2.virt.onkakao.net,datacenter80,d80-s03-cluster,datastore80-s3-pm2,10.93.112.30,10.93.113.30,10.93.112.153,10.93.113.153,10.93.112.183,10.93.113.183,10.93.115.30,/vmfs/volumes/d80-s3-lun1/,VMware-VMvisor-Installer-7.0.0.update02-17867351.x86_64-DellEMC_Customized-A05.zip,d80-s10-cluster
10.93.114.31,d80-s3-pm3,d80-s3-pm3.virt.onkakao.net,datacenter80,d80-s03-cluster,datastore80-s3-pm3,10.93.112.31,10.93.113.31,10.93.112.153,10.93.113.153,10.93.112.183,10.93.113.183,10.93.115.31,/vmfs/volumes/d80-s3-lun1/,VMware-VMvisor-Installer-7.0.0.update02-17867351.x86_64-DellEMC_Customized-A05.zip,d80-s11-cluster
10.93.114.32,d80-s3-pm4,d80-s3-pm4.virt.onkakao.net,datacenter80,d80-s03-cluster,datastore80-s3-pm4,10.93.112.32,10.93.113.32,10.93.112.153,10.93.113.153,10.93.112.183,10.93.113.183,10.93.115.32,/vmfs/volumes/d80-s3-lun1/,VMware-VMvisor-Installer-7.0.0.update02-17867351.x86_64-DellEMC_Customized-A05.zip,d80-s12-cluster
10.93.114.33,d80-s4-pm1,d80-s4-pm1.virt.onkakao.net,datacenter80,d80-s04-cluster,datastore80-s4-pm1,10.93.112.33,10.93.113.33,10.93.112.154,10.93.113.154,10.93.112.184,10.93.113.184,10.93.115.33,/vmfs/volumes/d80-s4-lun1/,VMware-VMvisor-Installer-7.0.0.update02-17867351.x86_64-DellEMC_Customized-A05.zip,d80-s13-cluster
10.93.114.34,d80-s4-pm2,d80-s4-pm2.virt.onkakao.net,datacenter80,d80-s04-cluster,datastore80-s4-pm2,10.93.112.34,10.93.113.34,10.93.112.154,10.93.113.154,10.93.112.184,10.93.113.184,10.93.115.34,/vmfs/volumes/d80-s4-lun1/,VMware-VMvisor-Installer-7.0.0.update02-17867351.x86_64-DellEMC_Customized-A05.zip,d80-s14-cluster
10.93.114.35,d80-s4-pm3,d80-s4-pm3.virt.onkakao.net,datacenter80,d80-s04-cluster,datastore80-s4-pm3,10.93.112.35,10.93.113.35,10.93.112.154,10.93.113.154,10.93.112.184,10.93.113.184,10.93.115.35,/vmfs/volumes/d80-s4-lun1/,VMware-VMvisor-Installer-7.0.0.update02-17867351.x86_64-DellEMC_Customized-A05.zip,d80-s15-cluster
10.93.114.36,d80-s4-pm4,d80-s4-pm4.virt.onkakao.net,datacenter80,d80-s04-cluster,datastore80-s4-pm4,10.93.112.36,10.93.113.36,10.93.112.154,10.93.113.154,10.93.112.184,10.93.113.184,10.93.115.36,/vmfs/volumes/d80-s4-lun1/,VMware-VMvisor-Installer-7.0.0.update02-17867351.x86_64-DellEMC_Customized-A05.zip,d80-s16-cluster
10.93.114.37,d80-s5-pm1,d80-s5-pm1.virt.onkakao.net,datacenter80,d80-s05-cluster,datastore80-s5-pm1,10.93.112.37,10.93.113.37,10.93.112.155,10.93.113.155,10.93.112.185,10.93.113.185,10.93.115.37,/vmfs/volumes/d80-s5-lun1/,VMware-VMvisor-Installer-7.0.0.update02-17867351.x86_64-DellEMC_Customized-A05.zip,d80-s17-cluster
10.93.114.38,d80-s5-pm2,d80-s5-pm2.virt.onkakao.net,datacenter80,d80-s05-cluster,datastore80-s5-pm2,10.93.112.38,10.93.113.38,10.93.112.155,10.93.113.155,10.93.112.185,10.93.113.185,10.93.115.38,/vmfs/volumes/d80-s5-lun1/,VMware-VMvisor-Installer-7.0.0.update02-17867351.x86_64-DellEMC_Customized-A05.zip,d80-s18-cluster
10.93.114.39,d80-s5-pm3,d80-s5-pm3.virt.onkakao.net,datacenter80,d80-s05-cluster,datastore80-s5-pm3,10.93.112.39,10.93.113.39,10.93.112.155,10.93.113.155,10.93.112.185,10.93.113.185,10.93.115.39,/vmfs/volumes/d80-s5-lun1/,VMware-VMvisor-Installer-7.0.0.update02-17867351.x86_64-DellEMC_Customized-A05.zip,d80-s19-cluster
10.93.114.40,d80-s5-pm4,d80-s5-pm4.virt.onkakao.net,datacenter80,d80-s05-cluster,datastore80-s5-pm4,10.93.112.40,10.93.113.40,10.93.112.155,10.93.113.155,10.93.112.185,10.93.113.185,10.93.115.40,/vmfs/volumes/d80-s5-lun1/,VMware-VMvisor-Installer-7.0.0.update02-17867351.x86_64-DellEMC_Customized-A05.zip,d80-s20-cluster
10.93.114.41,d80-s6-pm1,d80-s6-pm1.virt.onkakao.net,datacenter80,d80-s06-cluster,datastore80-s6-pm1,10.93.112.41,10.93.113.41,10.93.112.156,10.93.113.156,10.93.112.186,10.93.113.186,10.93.115.41,/vmfs/volumes/d80-s6-lun1/,VMware-VMvisor-Installer-7.0.0.update02-17867351.x86_64-DellEMC_Customized-A05.zip,d80-s21-cluster
10.93.114.42,d80-s6-pm2,d80-s6-pm2.virt.onkakao.net,datacenter80,d80-s06-cluster,datastore80-s6-pm2,10.93.112.42,10.93.113.42,10.93.112.156,10.93.113.156,10.93.112.186,10.93.113.186,10.93.115.42,/vmfs/volumes/d80-s6-lun1/,VMware-VMvisor-Installer-7.0.0.update02-17867351.x86_64-DellEMC_Customized-A05.zip,d80-s22-cluster
10.93.114.43,d80-s6-pm3,d80-s6-pm3.virt.onkakao.net,datacenter80,d80-s06-cluster,datastore80-s6-pm3,10.93.112.43,10.93.113.43,10.93.112.156,10.93.113.156,10.93.112.186,10.93.113.186,10.93.115.43,/vmfs/volumes/d80-s6-lun1/,VMware-VMvisor-Installer-7.0.0.update02-17867351.x86_64-DellEMC_Customized-A05.zip,d80-s23-cluster
10.93.114.44,d80-s6-pm4,d80-s6-pm4.virt.onkakao.net,datacenter80,d80-s06-cluster,datastore80-s6-pm4,10.93.112.44,10.93.113.44,10.93.112.156,10.93.113.156,10.93.112.186,10.93.113.186,10.93.115.44,/vmfs/volumes/d80-s6-lun1/,VMware-VMvisor-Installer-7.0.0.update02-17867351.x86_64-DellEMC_Customized-A05.zip,d80-s24-cluster
10.93.114.45,d80-s7-pm1,d80-s7-pm1.virt.onkakao.net,datacenter80,d80-s07-cluster,datastore80-s7-pm1,10.93.112.45,10.93.113.45,10.93.112.157,10.93.113.157,10.93.112.187,10.93.113.187,10.93.115.45,/vmfs/volumes/d80-s7-lun1/,VMware-VMvisor-Installer-7.0.0.update02-17867351.x86_64-DellEMC_Customized-A05.zip,d80-s25-cluster
10.93.114.46,d80-s7-pm2,d80-s7-pm2.virt.onkakao.net,datacenter80,d80-s07-cluster,datastore80-s7-pm2,10.93.112.46,10.93.113.46,10.93.112.157,10.93.113.157,10.93.112.187,10.93.113.187,10.93.115.46,/vmfs/volumes/d80-s7-lun1/,VMware-VMvisor-Installer-7.0.0.update02-17867351.x86_64-DellEMC_Customized-A05.zip,
10.93.114.47,d80-s7-pm3,d80-s7-pm3.virt.onkakao.net,datacenter80,d80-s07-cluster,datastore80-s7-pm3,10.93.112.47,10.93.113.47,10.93.112.157,10.93.113.157,10.93.112.187,10.93.113.187,10.93.115.47,/vmfs/volumes/d80-s7-lun1/,VMware-VMvisor-Installer-7.0.0.update02-17867351.x86_64-DellEMC_Customized-A05.zip,
10.93.114.48,d80-s7-pm4,d80-s7-pm4.virt.onkakao.net,datacenter80,d80-s07-cluster,datastore80-s7-pm4,10.93.112.48,10.93.113.48,10.93.112.157,10.93.113.157,10.93.112.187,10.93.113.187,10.93.115.48,/vmfs/volumes/d80-s7-lun1/,VMware-VMvisor-Installer-7.0.0.update02-17867351.x86_64-DellEMC_Customized-A05.zip,
10.93.114.49,d80-s8-pm1,d80-s8-pm1.virt.onkakao.net,datacenter80,d80-s08-cluster,datastore80-s8-pm1,10.93.112.49,10.93.113.49,10.93.112.158,10.93.113.158,10.93.112.188,10.93.113.188,10.93.115.49,/vmfs/volumes/d80-s8-lun1/,VMware-VMvisor-Installer-7.0.0.update02-17867351.x86_64-DellEMC_Customized-A05.zip,
10.93.114.50,d80-s8-pm2,d80-s8-pm2.virt.onkakao.net,datacenter80,d80-s08-cluster,datastore80-s8-pm2,10.93.112.50,10.93.113.50,10.93.112.158,10.93.113.158,10.93.112.188,10.93.113.188,10.93.115.50,/vmfs/volumes/d80-s8-lun1/,VMware-VMvisor-Installer-7.0.0.update02-17867351.x86_64-DellEMC_Customized-A05.zip,
10.93.114.51,d80-s8-pm3,d80-s8-pm3.virt.onkakao.net,datacenter80,d80-s08-cluster,datastore80-s8-pm3,10.93.112.51,10.93.113.51,10.93.112.158,10.93.113.158,10.93.112.188,10.93.113.188,10.93.115.51,/vmfs/volumes/d80-s8-lun1/,VMware-VMvisor-Installer-7.0.0.update02-17867351.x86_64-DellEMC_Customized-A05.zip,
10.93.114.52,d80-s8-pm4,d80-s8-pm4.virt.onkakao.net,datacenter80,d80-s08-cluster,datastore80-s8-pm4,10.93.112.52,10.93.113.52,10.93.112.158,10.93.113.158,10.93.112.188,10.93.113.188,10.93.115.52,/vmfs/volumes/d80-s8-lun1/,VMware-VMvisor-Installer-7.0.0.update02-17867351.x86_64-DellEMC_Customized-A05.zip,
10.93.114.53,d80-s9-pm1,d80-s9-pm1.virt.onkakao.net,datacenter80,d80-s09-cluster,datastore80-s9-pm1,10.93.112.53,10.93.113.53,10.93.112.159,10.93.113.159,10.93.112.189,10.93.113.189,10.93.115.53,/vmfs/volumes/d80-s9-lun1/,VMware-VMvisor-Installer-7.0.0.update02-17867351.x86_64-DellEMC_Customized-A05.zip,
10.93.114.54,d80-s9-pm2,d80-s9-pm2.virt.onkakao.net,datacenter80,d80-s09-cluster,datastore80-s9-pm2,10.93.112.54,10.93.113.54,10.93.112.159,10.93.113.159,10.93.112.189,10.93.113.189,10.93.115.54,/vmfs/volumes/d80-s9-lun1/,VMware-VMvisor-Installer-7.0.0.update02-17867351.x86_64-DellEMC_Customized-A05.zip,
10.93.114.55,d80-s9-pm3,d80-s9-pm3.virt.onkakao.net,datacenter80,d80-s09-cluster,datastore80-s9-pm3,10.93.112.55,10.93.113.55,10.93.112.159,10.93.113.159,10.93.112.189,10.93.113.189,10.93.115.55,/vmfs/volumes/d80-s9-lun1/,VMware-VMvisor-Installer-7.0.0.update02-17867351.x86_64-DellEMC_Customized-A05.zip,
10.93.114.56,d80-s9-pm4,d80-s9-pm4.virt.onkakao.net,datacenter80,d80-s09-cluster,datastore80-s9-pm4,10.93.112.56,10.93.113.56,10.93.112.159,10.93.113.159,10.93.112.189,10.93.113.189,10.93.115.56,/vmfs/volumes/d80-s9-lun1/,VMware-VMvisor-Installer-7.0.0.update02-17867351.x86_64-DellEMC_Customized-A05.zip,
10.93.114.57,d80-s10-pm1,d80-s10-pm1.virt.onkakao.net,datacenter80,d80-s10-cluster,datastore80-s10-pm1,10.93.112.57,10.93.113.57,10.93.112.160,10.93.113.160,10.93.112.190,10.93.113.190,10.93.115.57,/vmfs/volumes/d80-s10-lun1/,VMware-VMvisor-Installer-7.0.0.update02-17867351.x86_64-DellEMC_Customized-A05.zip,
10.93.114.58,d80-s10-pm2,d80-s10-pm2.virt.onkakao.net,datacenter80,d80-s10-cluster,datastore80-s10-pm2,10.93.112.58,10.93.113.58,10.93.112.160,10.93.113.160,10.93.112.190,10.93.113.190,10.93.115.58,/vmfs/volumes/d80-s10-lun1/,VMware-VMvisor-Installer-7.0.0.update02-17867351.x86_64-DellEMC_Customized-A05.zip,
10.93.114.59,d80-s10-pm3,d80-s10-pm3.virt.onkakao.net,datacenter80,d80-s10-cluster,datastore80-s10-pm3,10.93.112.59,10.93.113.59,10.93.112.160,10.93.113.160,10.93.112.190,10.93.113.190,10.93.115.59,/vmfs/volumes/d80-s10-lun1/,VMware-VMvisor-Installer-7.0.0.update02-17867351.x86_64-DellEMC_Customized-A05.zip,
10.93.114.60,d80-s10-pm4,d80-s10-pm4.virt.onkakao.net,datacenter80,d80-s10-cluster,datastore80-s10-pm4,10.93.112.60,10.93.113.60,10.93.112.160,10.93.113.160,10.93.112.190,10.93.113.190,10.93.115.60,/vmfs/volumes/d80-s10-lun1/,VMware-VMvisor-Installer-7.0.0.update02-17867351.x86_64-DellEMC_Customized-A05.zip,
10.93.114.61,d80-s11-pm1,d80-s11-pm1.virt.onkakao.net,datacenter80,d80-s11-cluster,datastore80-s11-pm1,10.93.112.61,10.93.113.61,10.93.112.161,10.93.113.161,10.93.112.191,10.93.113.191,10.93.115.61,/vmfs/volumes/d80-s11-lun1/,VMware-VMvisor-Installer-7.0.0.update02-17867351.x86_64-DellEMC_Customized-A05.zip,
10.93.114.62,d80-s11-pm2,d80-s11-pm2.virt.onkakao.net,datacenter80,d80-s11-cluster,datastore80-s11-pm2,10.93.112.62,10.93.113.62,10.93.112.161,10.93.113.161,10.93.112.191,10.93.113.191,10.93.115.62,/vmfs/volumes/d80-s11-lun1/,VMware-VMvisor-Installer-7.0.0.update02-17867351.x86_64-DellEMC_Customized-A05.zip,
10.93.114.63,d80-s11-pm3,d80-s11-pm3.virt.onkakao.net,datacenter80,d80-s11-cluster,datastore80-s11-pm3,10.93.112.63,10.93.113.63,10.93.112.161,10.93.113.161,10.93.112.191,10.93.113.191,10.93.115.63,/vmfs/volumes/d80-s11-lun1/,VMware-VMvisor-Installer-7.0.0.update02-17867351.x86_64-DellEMC_Customized-A05.zip,
10.93.114.64,d80-s11-pm4,d80-s11-pm4.virt.onkakao.net,datacenter80,d80-s11-cluster,datastore80-s11-pm4,10.93.112.64,10.93.113.64,10.93.112.161,10.93.113.161,10.93.112.191,10.93.113.191,10.93.115.64,/vmfs/volumes/d80-s11-lun1/,VMware-VMvisor-Installer-7.0.0.update02-17867351.x86_64-DellEMC_Customized-A05.zip,
10.93.114.65,d80-s12-pm1,d80-s12-pm1.virt.onkakao.net,datacenter80,d80-s12-cluster,datastore80-s12-pm1,10.93.112.65,10.93.113.65,10.93.112.162,10.93.113.162,10.93.112.192,10.93.113.192,10.93.115.65,/vmfs/volumes/d80-s12-lun1/,VMware-VMvisor-Installer-7.0.0.update02-17867351.x86_64-DellEMC_Customized-A05.zip,
10.93.114.66,d80-s12-pm2,d80-s12-pm2.virt.onkakao.net,datacenter80,d80-s12-cluster,datastore80-s12-pm2,10.93.112.66,10.93.113.66,10.93.112.162,10.93.113.162,10.93.112.192,10.93.113.192,10.93.115.66,/vmfs/volumes/d80-s12-lun1/,VMware-VMvisor-Installer-7.0.0.update02-17867351.x86_64-DellEMC_Customized-A05.zip,
10.93.114.67,d80-s12-pm3,d80-s12-pm3.virt.onkakao.net,datacenter80,d80-s12-cluster,datastore80-s12-pm3,10.93.112.67,10.93.113.67,10.93.112.162,10.93.113.162,10.93.112.192,10.93.113.192,10.93.115.67,/vmfs/volumes/d80-s12-lun1/,VMware-VMvisor-Installer-7.0.0.update02-17867351.x86_64-DellEMC_Customized-A05.zip,
10.93.114.68,d80-s12-pm4,d80-s12-pm4.virt.onkakao.net,datacenter80,d80-s12-cluster,datastore80-s12-pm4,10.93.112.68,10.93.113.68,10.93.112.162,10.93.113.162,10.93.112.192,10.93.113.192,10.93.115.68,/vmfs/volumes/d80-s12-lun1/,VMware-VMvisor-Installer-7.0.0.update02-17867351.x86_64-DellEMC_Customized-A05.zip,
10.93.114.69,d80-s13-pm1,d80-s13-pm1.virt.onkakao.net,datacenter80,d80-s13-cluster,datastore80-s13-pm1,10.93.112.69,10.93.113.69,10.93.112.163,10.93.113.163,10.93.112.193,10.93.113.193,10.93.115.69,/vmfs/volumes/d80-s13-lun1/,VMware-VMvisor-Installer-7.0.0.update02-17867351.x86_64-DellEMC_Customized-A05.zip,
10.93.114.70,d80-s13-pm2,d80-s13-pm2.virt.onkakao.net,datacenter80,d80-s13-cluster,datastore80-s13-pm2,10.93.112.70,10.93.113.70,10.93.112.163,10.93.113.163,10.93.112.193,10.93.113.193,10.93.115.70,/vmfs/volumes/d80-s13-lun1/,VMware-VMvisor-Installer-7.0.0.update02-17867351.x86_64-DellEMC_Customized-A05.zip,
10.93.114.71,d80-s13-pm3,d80-s13-pm3.virt.onkakao.net,datacenter80,d80-s13-cluster,datastore80-s13-pm3,10.93.112.71,10.93.113.71,10.93.112.163,10.93.113.163,10.93.112.193,10.93.113.193,10.93.115.71,/vmfs/volumes/d80-s13-lun1/,VMware-VMvisor-Installer-7.0.0.update02-17867351.x86_64-DellEMC_Customized-A05.zip,
10.93.114.72,d80-s13-pm4,d80-s13-pm4.virt.onkakao.net,datacenter80,d80-s13-cluster,datastore80-s13-pm4,10.93.112.72,10.93.113.72,10.93.112.163,10.93.113.163,10.93.112.193,10.93.113.193,10.93.115.72,/vmfs/volumes/d80-s13-lun1/,VMware-VMvisor-Installer-7.0.0.update02-17867351.x86_64-DellEMC_Customized-A05.zip,
10.93.114.73,d80-s14-pm1,d80-s14-pm1.virt.onkakao.net,datacenter80,d80-s14-cluster,datastore80-s14-pm1,10.93.112.73,10.93.113.73,10.93.112.164,10.93.113.164,10.93.112.194,10.93.113.194,10.93.115.73,/vmfs/volumes/d80-s14-lun1/,VMware-VMvisor-Installer-7.0.0.update02-17867351.x86_64-DellEMC_Customized-A05.zip,
10.93.114.74,d80-s14-pm2,d80-s14-pm2.virt.onkakao.net,datacenter80,d80-s14-cluster,datastore80-s14-pm2,10.93.112.74,10.93.113.74,10.93.112.164,10.93.113.164,10.93.112.194,10.93.113.194,10.93.115.74,/vmfs/volumes/d80-s14-lun1/,VMware-VMvisor-Installer-7.0.0.update02-17867351.x86_64-DellEMC_Customized-A05.zip,
10.93.114.75,d80-s14-pm3,d80-s14-pm3.virt.onkakao.net,datacenter80,d80-s14-cluster,datastore80-s14-pm3,10.93.112.75,10.93.113.75,10.93.112.164,10.93.113.164,10.93.112.194,10.93.113.194,10.93.115.75,/vmfs/volumes/d80-s14-lun1/,VMware-VMvisor-Installer-7.0.0.update02-17867351.x86_64-DellEMC_Customized-A05.zip,
10.93.114.76,d80-s14-pm4,d80-s14-pm4.virt.onkakao.net,datacenter80,d80-s14-cluster,datastore80-s14-pm4,10.93.112.76,10.93.113.76,10.93.112.164,10.93.113.164,10.93.112.194,10.93.113.194,10.93.115.76,/vmfs/volumes/d80-s14-lun1/,VMware-VMvisor-Installer-7.0.0.update02-17867351.x86_64-DellEMC_Customized-A05.zip,
10.93.114.77,d80-s15-pm1,d80-s15-pm1.virt.onkakao.net,datacenter80,d80-s15-cluster,datastore80-s15-pm1,10.93.112.77,10.93.113.77,10.93.112.165,10.93.113.165,10.93.112.195,10.93.113.195,10.93.115.77,/vmfs/volumes/d80-s15-lun1/,VMware-VMvisor-Installer-7.0.0.update02-17867351.x86_64-DellEMC_Customized-A05.zip,
10.93.114.78,d80-s15-pm2,d80-s15-pm2.virt.onkakao.net,datacenter80,d80-s15-cluster,datastore80-s15-pm2,10.93.112.78,10.93.113.78,10.93.112.165,10.93.113.165,10.93.112.195,10.93.113.195,10.93.115.78,/vmfs/volumes/d80-s15-lun1/,VMware-VMvisor-Installer-7.0.0.update02-17867351.x86_64-DellEMC_Customized-A05.zip,
10.93.114.79,d80-s15-pm3,d80-s15-pm3.virt.onkakao.net,datacenter80,d80-s15-cluster,datastore80-s15-pm3,10.93.112.79,10.93.113.79,10.93.112.165,10.93.113.165,10.93.112.195,10.93.113.195,10.93.115.79,/vmfs/volumes/d80-s15-lun1/,VMware-VMvisor-Installer-7.0.0.update02-17867351.x86_64-DellEMC_Customized-A05.zip,
10.93.114.80,d80-s15-pm4,d80-s15-pm4.virt.onkakao.net,datacenter80,d80-s15-cluster,datastore80-s15-pm4,10.93.112.80,10.93.113.80,10.93.112.165,10.93.113.165,10.93.112.195,10.93.113.195,10.93.115.80,/vmfs/volumes/d80-s15-lun1/,VMware-VMvisor-Installer-7.0.0.update02-17867351.x86_64-DellEMC_Customized-A05.zip,
10.93.114.81,d80-s16-pm1,d80-s16-pm1.virt.onkakao.net,datacenter80,d80-s16-cluster,datastore80-s16-pm1,10.93.112.81,10.93.113.81,10.93.112.166,10.93.113.166,10.93.112.196,10.93.113.196,10.93.115.81,/vmfs/volumes/d80-s16-lun1/,VMware-VMvisor-Installer-7.0.0.update02-17867351.x86_64-DellEMC_Customized-A05.zip,
10.93.114.82,d80-s16-pm2,d80-s16-pm2.virt.onkakao.net,datacenter80,d80-s16-cluster,datastore80-s16-pm2,10.93.112.82,10.93.113.82,10.93.112.166,10.93.113.166,10.93.112.196,10.93.113.196,10.93.115.82,/vmfs/volumes/d80-s16-lun1/,VMware-VMvisor-Installer-7.0.0.update02-17867351.x86_64-DellEMC_Customized-A05.zip,
10.93.114.83,d80-s16-pm3,d80-s16-pm3.virt.onkakao.net,datacenter80,d80-s16-cluster,datastore80-s16-pm3,10.93.112.83,10.93.113.83,10.93.112.166,10.93.113.166,10.93.112.196,10.93.113.196,10.93.115.83,/vmfs/volumes/d80-s16-lun1/,VMware-VMvisor-Installer-7.0.0.update02-17867351.x86_64-DellEMC_Customized-A05.zip,
10.93.114.84,d80-s16-pm4,d80-s16-pm4.virt.onkakao.net,datacenter80,d80-s16-cluster,datastore80-s16-pm4,10.93.112.84,10.93.113.84,10.93.112.166,10.93.113.166,10.93.112.196,10.93.113.196,10.93.115.84,/vmfs/volumes/d80-s16-lun1/,VMware-VMvisor-Installer-7.0.0.update02-17867351.x86_64-DellEMC_Customized-A05.zip,
10.93.114.85,d80-s17-pm1,d80-s17-pm1.virt.onkakao.net,datacenter80,d80-s17-cluster,datastore80-s17-pm1,10.93.112.85,10.93.113.85,10.93.112.167,10.93.113.167,10.93.112.197,10.93.113.197,10.93.115.85,/vmfs/volumes/d80-s17-lun1/,VMware-VMvisor-Installer-7.0.0.update02-17867351.x86_64-DellEMC_Customized-A05.zip,
10.93.114.86,d80-s17-pm2,d80-s17-pm2.virt.onkakao.net,datacenter80,d80-s17-cluster,datastore80-s17-pm2,10.93.112.86,10.93.113.86,10.93.112.167,10.93.113.167,10.93.112.197,10.93.113.197,10.93.115.86,/vmfs/volumes/d80-s17-lun1/,VMware-VMvisor-Installer-7.0.0.update02-17867351.x86_64-DellEMC_Customized-A05.zip,
10.93.114.87,d80-s17-pm3,d80-s17-pm3.virt.onkakao.net,datacenter80,d80-s17-cluster,datastore80-s17-pm3,10.93.112.87,10.93.113.87,10.93.112.167,10.93.113.167,10.93.112.197,10.93.113.197,10.93.115.87,/vmfs/volumes/d80-s17-lun1/,VMware-VMvisor-Installer-7.0.0.update02-17867351.x86_64-DellEMC_Customized-A05.zip,
10.93.114.88,d80-s17-pm4,d80-s17-pm4.virt.onkakao.net,datacenter80,d80-s17-cluster,datastore80-s17-pm4,10.93.112.88,10.93.113.88,10.93.112.167,10.93.113.167,10.93.112.197,10.93.113.197,10.93.115.88,/vmfs/volumes/d80-s17-lun1/,VMware-VMvisor-Installer-7.0.0.update02-17867351.x86_64-DellEMC_Customized-A05.zip,
10.93.114.89,d80-s18-pm1,d80-s18-pm1.virt.onkakao.net,datacenter80,d80-s18-cluster,datastore80-s18-pm1,10.93.112.89,10.93.113.89,10.93.112.168,10.93.113.168,10.93.112.198,10.93.113.198,10.93.115.89,/vmfs/volumes/d80-s18-lun1/,VMware-VMvisor-Installer-7.0.0.update02-17867351.x86_64-DellEMC_Customized-A05.zip,
10.93.114.90,d80-s18-pm2,d80-s18-pm2.virt.onkakao.net,datacenter80,d80-s18-cluster,datastore80-s18-pm2,10.93.112.90,10.93.113.90,10.93.112.168,10.93.113.168,10.93.112.198,10.93.113.198,10.93.115.90,/vmfs/volumes/d80-s18-lun1/,VMware-VMvisor-Installer-7.0.0.update02-17867351.x86_64-DellEMC_Customized-A05.zip,
10.93.114.91,d80-s18-pm3,d80-s18-pm3.virt.onkakao.net,datacenter80,d80-s18-cluster,datastore80-s18-pm3,10.93.112.91,10.93.113.91,10.93.112.168,10.93.113.168,10.93.112.198,10.93.113.198,10.93.115.91,/vmfs/volumes/d80-s18-lun1/,VMware-VMvisor-Installer-7.0.0.update02-17867351.x86_64-DellEMC_Customized-A05.zip,
10.93.114.92,d80-s18-pm4,d80-s18-pm4.virt.onkakao.net,datacenter80,d80-s18-cluster,datastore80-s18-pm4,10.93.112.92,10.93.113.92,10.93.112.168,10.93.113.168,10.93.112.198,10.93.113.198,10.93.115.92,/vmfs/volumes/d80-s18-lun1/,VMware-VMvisor-Installer-7.0.0.update02-17867351.x86_64-DellEMC_Customized-A05.zip,
10.93.114.93,d80-s19-pm1,d80-s19-pm1.virt.onkakao.net,datacenter80,d80-s19-cluster,datastore80-s19-pm1,10.93.112.93,10.93.113.93,10.93.112.169,10.93.113.169,10.93.112.199,10.93.113.199,10.93.115.93,/vmfs/volumes/d80-s19-lun1/,VMware-VMvisor-Installer-7.0.0.update02-17867351.x86_64-DellEMC_Customized-A05.zip,
10.93.114.94,d80-s19-pm2,d80-s19-pm2.virt.onkakao.net,datacenter80,d80-s19-cluster,datastore80-s19-pm2,10.93.112.94,10.93.113.94,10.93.112.169,10.93.113.169,10.93.112.199,10.93.113.199,10.93.115.94,/vmfs/volumes/d80-s19-lun1/,VMware-VMvisor-Installer-7.0.0.update02-17867351.x86_64-DellEMC_Customized-A05.zip,
10.93.114.95,d80-s19-pm3,d80-s19-pm3.virt.onkakao.net,datacenter80,d80-s19-cluster,datastore80-s19-pm3,10.93.112.95,10.93.113.95,10.93.112.169,10.93.113.169,10.93.112.199,10.93.113.199,10.93.115.95,/vmfs/volumes/d80-s19-lun1/,VMware-VMvisor-Installer-7.0.0.update02-17867351.x86_64-DellEMC_Customized-A05.zip,
10.93.114.96,d80-s19-pm4,d80-s19-pm4.virt.onkakao.net,datacenter80,d80-s19-cluster,datastore80-s19-pm4,10.93.112.96,10.93.113.96,10.93.112.169,10.93.113.169,10.93.112.199,10.93.113.199,10.93.115.96,/vmfs/volumes/d80-s19-lun1/,VMware-VMvisor-Installer-7.0.0.update02-17867351.x86_64-DellEMC_Customized-A05.zip,
10.93.114.97,d80-s20-pm1,d80-s20-pm1.virt.onkakao.net,datacenter80,d80-s20-cluster,datastore80-s20-pm1,10.93.112.97,10.93.113.97,10.93.112.170,10.93.113.170,10.93.112.200,10.93.113.200,10.93.115.97,/vmfs/volumes/d80-s20-lun1/,VMware-VMvisor-Installer-7.0.0.update02-17867351.x86_64-DellEMC_Customized-A05.zip,
10.93.114.98,d80-s20-pm2,d80-s20-pm2.virt.onkakao.net,datacenter80,d80-s20-cluster,datastore80-s20-pm2,10.93.112.98,10.93.113.98,10.93.112.170,10.93.113.170,10.93.112.200,10.93.113.200,10.93.115.98,/vmfs/volumes/d80-s20-lun1/,VMware-VMvisor-Installer-7.0.0.update02-17867351.x86_64-DellEMC_Customized-A05.zip,
10.93.114.99,d80-s20-pm3,d80-s20-pm3.virt.onkakao.net,datacenter80,d80-s20-cluster,datastore80-s20-pm3,10.93.112.99,10.93.113.99,10.93.112.170,10.93.113.170,10.93.112.200,10.93.113.200,10.93.115.99,/vmfs/volumes/d80-s20-lun1/,VMware-VMvisor-Installer-7.0.0.update02-17867351.x86_64-DellEMC_Customized-A05.zip,
10.93.114.100,d80-s20-pm4,d80-s20-pm4.virt.onkakao.net,datacenter80,d80-s20-cluster,datastore80-s20-pm4,10.93.112.100,10.93.113.100,10.93.112.170,10.93.113.170,10.93.112.200,10.93.113.200,10.93.115.100,/vmfs/volumes/d80-s20-lun1/,VMware-VMvisor-Installer-7.0.0.update02-17867351.x86_64-DellEMC_Customized-A05.zip,
10.93.114.101,d80-s21-pm1,d80-s21-pm1.virt.onkakao.net,datacenter80,d80-s21-cluster,datastore80-s21-pm1,10.93.112.101,10.93.113.101,10.93.112.171,10.93.113.171,10.93.112.201,10.93.113.201,10.93.115.101,/vmfs/volumes/d80-s21-lun1/,VMware-VMvisor-Installer-7.0.0.update02-17867351.x86_64-DellEMC_Customized-A05.zip,
10.93.114.102,d80-s21-pm2,d80-s21-pm2.virt.onkakao.net,datacenter80,d80-s21-cluster,datastore80-s21-pm2,10.93.112.102,10.93.113.102,10.93.112.171,10.93.113.171,10.93.112.201,10.93.113.201,10.93.115.102,/vmfs/volumes/d80-s21-lun1/,VMware-VMvisor-Installer-7.0.0.update02-17867351.x86_64-DellEMC_Customized-A05.zip,
10.93.114.103,d80-s21-pm3,d80-s21-pm3.virt.onkakao.net,datacenter80,d80-s21-cluster,datastore80-s21-pm3,10.93.112.103,10.93.113.103,10.93.112.171,10.93.113.171,10.93.112.201,10.93.113.201,10.93.115.103,/vmfs/volumes/d80-s21-lun1/,VMware-VMvisor-Installer-7.0.0.update02-17867351.x86_64-DellEMC_Customized-A05.zip,
10.93.114.104,d80-s21-pm4,d80-s21-pm4.virt.onkakao.net,datacenter80,d80-s21-cluster,datastore80-s21-pm4,10.93.112.104,10.93.113.104,10.93.112.171,10.93.113.171,10.93.112.201,10.93.113.201,10.93.115.104,/vmfs/volumes/d80-s21-lun1/,VMware-VMvisor-Installer-7.0.0.update02-17867351.x86_64-DellEMC_Customized-A05.zip,
10.93.114.105,d80-s22-pm1,d80-s22-pm1.virt.onkakao.net,datacenter80,d80-s22-cluster,datastore80-s22-pm1,10.93.112.105,10.93.113.105,10.93.112.172,10.93.113.172,10.93.112.202,10.93.113.202,10.93.115.105,/vmfs/volumes/d80-s22-lun1/,VMware-VMvisor-Installer-7.0.0.update02-17867351.x86_64-DellEMC_Customized-A05.zip,
10.93.114.106,d80-s22-pm2,d80-s22-pm2.virt.onkakao.net,datacenter80,d80-s22-cluster,datastore80-s22-pm2,10.93.112.106,10.93.113.106,10.93.112.172,10.93.113.172,10.93.112.202,10.93.113.202,10.93.115.106,/vmfs/volumes/d80-s22-lun1/,VMware-VMvisor-Installer-7.0.0.update02-17867351.x86_64-DellEMC_Customized-A05.zip,
10.93.114.107,d80-s22-pm3,d80-s22-pm3.virt.onkakao.net,datacenter80,d80-s22-cluster,datastore80-s22-pm3,10.93.112.107,10.93.113.107,10.93.112.172,10.93.113.172,10.93.112.202,10.93.113.202,10.93.115.107,/vmfs/volumes/d80-s22-lun1/,VMware-VMvisor-Installer-7.0.0.update02-17867351.x86_64-DellEMC_Customized-A05.zip,
10.93.114.108,d80-s22-pm4,d80-s22-pm4.virt.onkakao.net,datacenter80,d80-s22-cluster,datastore80-s22-pm4,10.93.112.108,10.93.113.108,10.93.112.172,10.93.113.172,10.93.112.202,10.93.113.202,10.93.115.108,/vmfs/volumes/d80-s22-lun1/,VMware-VMvisor-Installer-7.0.0.update02-17867351.x86_64-DellEMC_Customized-A05.zip,
10.93.114.109,d80-s23-pm1,d80-s23-pm1.virt.onkakao.net,datacenter80,d80-s23-cluster,datastore80-s23-pm1,10.93.112.109,10.93.113.109,10.93.112.173,10.93.113.173,10.93.112.203,10.93.113.203,10.93.115.109,/vmfs/volumes/d80-s23-lun1/,VMware-VMvisor-Installer-7.0.0.update02-17867351.x86_64-DellEMC_Customized-A05.zip,
10.93.114.110,d80-s23-pm2,d80-s23-pm2.virt.onkakao.net,datacenter80,d80-s23-cluster,datastore80-s23-pm2,10.93.112.110,10.93.113.110,10.93.112.173,10.93.113.173,10.93.112.203,10.93.113.203,10.93.115.110,/vmfs/volumes/d80-s23-lun1/,VMware-VMvisor-Installer-7.0.0.update02-17867351.x86_64-DellEMC_Customized-A05.zip,
10.93.114.111,d80-s23-pm3,d80-s23-pm3.virt.onkakao.net,datacenter80,d80-s23-cluster,datastore80-s23-pm3,10.93.112.111,10.93.113.111,10.93.112.173,10.93.113.173,10.93.112.203,10.93.113.203,10.93.115.111,/vmfs/volumes/d80-s23-lun1/,VMware-VMvisor-Installer-7.0.0.update02-17867351.x86_64-DellEMC_Customized-A05.zip,
10.93.114.112,d80-s23-pm4,d80-s23-pm4.virt.onkakao.net,datacenter80,d80-s23-cluster,datastore80-s23-pm4,10.93.112.112,10.93.113.112,10.93.112.173,10.93.113.173,10.93.112.203,10.93.113.203,10.93.115.112,/vmfs/volumes/d80-s23-lun1/,VMware-VMvisor-Installer-7.0.0.update02-17867351.x86_64-DellEMC_Customized-A05.zip,
10.93.114.113,d80-s24-pm1,d80-s24-pm1.virt.onkakao.net,datacenter80,d80-s24-cluster,datastore80-s24-pm1,10.93.112.113,10.93.113.113,10.93.112.174,10.93.113.174,10.93.112.204,10.93.113.204,10.93.115.113,/vmfs/volumes/d80-s24-lun1/,VMware-VMvisor-Installer-7.0.0.update02-17867351.x86_64-DellEMC_Customized-A05.zip,
10.93.114.114,d80-s24-pm2,d80-s24-pm2.virt.onkakao.net,datacenter80,d80-s24-cluster,datastore80-s24-pm2,10.93.112.114,10.93.113.114,10.93.112.174,10.93.113.174,10.93.112.204,10.93.113.204,10.93.115.114,/vmfs/volumes/d80-s24-lun1/,VMware-VMvisor-Installer-7.0.0.update02-17867351.x86_64-DellEMC_Customized-A05.zip,
10.93.114.115,d80-s24-pm3,d80-s24-pm3.virt.onkakao.net,datacenter80,d80-s24-cluster,datastore80-s24-pm3,10.93.112.115,10.93.113.115,10.93.112.174,10.93.113.174,10.93.112.204,10.93.113.204,10.93.115.115,/vmfs/volumes/d80-s24-lun1/,VMware-VMvisor-Installer-7.0.0.update02-17867351.x86_64-DellEMC_Customized-A05.zip,
10.93.114.116,d80-s24-pm4,d80-s24-pm4.virt.onkakao.net,datacenter80,d80-s24-cluster,datastore80-s24-pm4,10.93.112.116,10.93.113.116,10.93.112.174,10.93.113.174,10.93.112.204,10.93.113.204,10.93.115.116,/vmfs/volumes/d80-s24-lun1/,VMware-VMvisor-Installer-7.0.0.update02-17867351.x86_64-DellEMC_Customized-A05.zip,
10.93.114.117,d80-s25-pm1,d80-s25-pm1.virt.onkakao.net,datacenter80,d80-s25-cluster,datastore80-s25-pm1,10.93.112.117,10.93.113.117,10.93.112.175,10.93.113.175,10.93.112.205,10.93.113.205,10.93.115.117,/vmfs/volumes/d80-s25-lun1/,VMware-VMvisor-Installer-7.0.0.update02-17867351.x86_64-DellEMC_Customized-A05.zip,
10.93.114.118,d80-s25-pm2,d80-s25-pm2.virt.onkakao.net,datacenter80,d80-s25-cluster,datastore80-s25-pm2,10.93.112.118,10.93.113.118,10.93.112.175,10.93.113.175,10.93.112.205,10.93.113.205,10.93.115.118,/vmfs/volumes/d80-s25-lun1/,VMware-VMvisor-Installer-7.0.0.update02-17867351.x86_64-DellEMC_Customized-A05.zip,
10.93.114.119,d80-s25-pm3,d80-s25-pm3.virt.onkakao.net,datacenter80,d80-s25-cluster,datastore80-s25-pm3,10.93.112.119,10.93.113.119,10.93.112.175,10.93.113.175,10.93.112.205,10.93.113.205,10.93.115.119,/vmfs/volumes/d80-s25-lun1/,VMware-VMvisor-Installer-7.0.0.update02-17867351.x86_64-DellEMC_Customized-A05.zip,
10.93.114.120,d80-s25-pm4,d80-s25-pm4.virt.onkakao.net,datacenter80,d80-s25-cluster,datastore80-s25-pm4,10.93.112.120,10.93.113.120,10.93.112.175,10.93.113.175,10.93.112.205,10.93.113.205,10.93.115.120,/vmfs/volumes/d80-s25-lun1/,VMware-VMvisor-Installer-7.0.0.update02-17867351.x86_64-DellEMC_Customized-A05.zip,